[{"model": "auth.user", "fields": {"password": "pbkdf2_sha256$600000$tOY5Y2eNv7uSO2k7iUCnNn$Pjh/3Nac/A0PgatZEy72D1oqfmnRioOHnDx1ec5J6nI=", "last_login": "2026-05-14T20:58:39.343Z", "is_superuser": true, "username": "admin", "first_name": "", "last_name": "", "email": "admin@example.com", "is_staff": true, "is_active": true, "date_joined": "2026-05-14T20:55:53.787Z", "groups": [], "user_permissions": []}}, {"model": "agencies.category", "pk": 1, "fields": {"name": "IT", "slug": "it"}}, {"model": "agencies.category", "pk": 2, "fields": {"name": "Топ-менеджмент", "slug": "exec"}}, {"model": "agencies.category", "pk": 3, "fields": {"name": "Массовый подбор", "slug": "mass"}}, {"model": "agencies.category", "pk": 4, "fields": {"name": "Финансы", "slug": "finance"}}, {"model": "agencies.category", "pk": 5, "fields": {"name": "Универсальное", "slug": "general"}}, {"model": "agencies.agency", "pk": 1, "fields": {"name": "Antal Talent", "description": "Международная рекрутинговая компания с 30-летней историей. Лидер в подборе топ-менеджмента, финансовых специалистов и массовом подборе персонала для крупных корпораций в России и СНГ.", "city": "Москва", "address": "Павелецкая площадь, д. 2, стр. 1.", "phone": "+7 (499) 444-10-34", "founded_year": 1993, "website": "https://antaltalent.ru/", "is_verified": true, "specializations": "Executive Search,Финансы,Массовый подбор,FMCG,Фармацевтика", "criteria_quality": 4.9, "criteria_speed": 4.7, "criteria_price": 4.2, "criteria_support": 4.9, "speed_score": 9.0, "created_at": "2024-01-01T00:00:00Z", "categories": [3, 2]}}, {"model": "agencies.agency", "pk": 2, "fields": {"name": "Ancor", "description": "Один из крупнейших игроков рынка HR-аутсорсинга в России. Более 30 лет на рынке, офисы по всей стране, сильная практика в финансовом секторе и массовом подборе.", "city": "Москва", "address": "ул. Тверская, 16", "phone": "+7 (495) 797-07-07", "founded_year": 1990, "website": "https://ancor.ru", "is_verified": true, "specializations": "Массовый подбор,Финансовый сектор,Аутстаффинг,Офисный персонал,Производство", "criteria_quality": 4.9, "criteria_speed": 4.8, "criteria_price": 4.5, "criteria_support": 4.9, "speed_score": 9.2, "created_at": "2024-01-02T00:00:00Z", "categories": [3, 5, 4]}}, {"model": "agencies.agency", "pk": 3, "fields": {"name": "Manpower Group Russia", "description": "Глобальная компания по управлению персоналом. Специализируется на подборе руководителей среднего и высшего звена, аутстаффинге.", "city": "Москва", "address": "Краснопресненская наб., 12", "phone": "+7 (495) 933-00-10", "founded_year": 1997, "website": "https://manpowergroup.ru", "is_verified": true, "specializations": "Executive Search,Средний менеджмент,Аутстаффинг,Инжиниринг", "criteria_quality": 4.8, "criteria_speed": 4.4, "criteria_price": 4.2, "criteria_support": 4.7, "speed_score": 8.5, "created_at": "2024-01-03T00:00:00Z", "categories": [2, 5]}}, {"model": "agencies.agency", "pk": 4, "fields": {"name": "Hays Russia", "description": "Международный рекрутинговый холдинг с фокусом на квалифицированных специалистах. Сильные практики в финансах, юриспруденции и IT.", "city": "Москва", "address": "Романов переулок, 4", "phone": "+7 (495) 935-86-06", "founded_year": 2004, "website": "https://hays.ru", "is_verified": true, "specializations": "Финансы и банки,Юриспруденция,IT,Маркетинг,HR", "criteria_quality": 4.7, "criteria_speed": 4.3, "criteria_price": 3.9, "criteria_support": 4.7, "speed_score": 8.3, "created_at": "2024-01-04T00:00:00Z", "categories": [1, 2, 4]}}, {"model": "agencies.agency", "pk": 5, "fields": {"name": "IT HR Agency", "description": "Boutique агентство с фокусом на IT-рынке. Специализируется на подборе разработчиков, тимлидов, продакт-менеджеров и CTO.", "city": "Москва", "address": "Льва Толстого, 16", "phone": "+7 (495) 123-45-67", "founded_year": 2012, "website": "", "is_verified": true, "specializations": "Backend / Frontend,DevOps / SRE,Product Management,Data Science,CTO / CIO", "criteria_quality": 4.7, "criteria_speed": 4.6, "criteria_price": 4.3, "criteria_support": 4.4, "speed_score": 8.6, "created_at": "2024-01-05T00:00:00Z", "categories": [1]}}, {"model": "agencies.agency", "pk": 6, "fields": {"name": "Kelly Services Russia", "description": "Глобальная компания кадровых решений. Охватывает широкий спектр индустрий от производства до профессиональных сервисов.", "city": "Москва", "address": "Вавилова, 19", "phone": "+7 (495) 956-19-19", "founded_year": 1998, "website": "https://kellyservices.ru", "is_verified": true, "specializations": "Производство,Логистика,Финансы,Инжиниринг,Офисный персонал", "criteria_quality": 4.5, "criteria_speed": 4.3, "criteria_price": 4.4, "criteria_support": 4.4, "speed_score": 8.1, "created_at": "2024-01-06T00:00:00Z", "categories": [3, 5]}}, {"model": "agencies.agency", "pk": 7, "fields": {"name": "Adecco Russia", "description": "Один из мировых лидеров в сфере управления персоналом. Предоставляет услуги подбора, аутстаффинга и аутсорсинга HR-функций.", "city": "Москва", "address": "Покровка, 3с1", "phone": "+7 (495) 739-06-06", "founded_year": 1999, "website": "https://adecco.ru", "is_verified": true, "specializations": "Аутстаффинг,Массовый подбор,Административный персонал,Медицина", "criteria_quality": 4.5, "criteria_speed": 4.2, "criteria_price": 4.3, "criteria_support": 4.4, "speed_score": 7.9, "created_at": "2024-01-07T00:00:00Z", "categories": [3, 5]}}, {"model": "agencies.agency", "pk": 8, "fields": {"name": "Профессионал-Сервис", "description": "Российская рекрутинговая компания с обширной базой кандидатов по всем регионам страны. Сильные практики в ритейле и FMCG.", "city": "Москва", "address": "Ленинградский пр., 37", "phone": "+7 (495) 280-23-45", "founded_year": 2003, "website": "", "is_verified": true, "specializations": "Ритейл,FMCG,Логистика,Управление продажами", "criteria_quality": 4.4, "criteria_speed": 4.1, "criteria_price": 4.5, "criteria_support": 4.3, "speed_score": 7.7, "created_at": "2024-01-08T00:00:00Z", "categories": [2, 5]}}, {"model": "agencies.agency", "pk": 9, "fields": {"name": "Ward Howell", "description": "Ведущая российская компания в сфере Executive Search. Работает исключительно с топ-менеджментом и советами директоров крупных корпораций.", "city": "Москва", "address": "Подсосенский пер., 22", "phone": "+7 (495) 730-60-30", "founded_year": 1999, "website": "https://wardhowell.com", "is_verified": true, "specializations": "CEO / CFO,Совет директоров,Board Advisory,Банки,Государственные структуры", "criteria_quality": 4.9, "criteria_speed": 3.8, "criteria_price": 3.5, "criteria_support": 4.6, "speed_score": 6.5, "created_at": "2024-01-09T00:00:00Z", "categories": [2]}}, {"model": "agencies.agency", "pk": 10, "fields": {"name": "Luxoft Staffing", "description": "IT-подразделение Luxoft по рекрутингу. Глубокая экспертиза в технических направлениях: от Java до встраиваемых систем.", "city": "Москва", "address": "Ул. 1905 года, 7", "phone": "+7 (495) 755-00-70", "founded_year": 2010, "website": "https://luxoft.com", "is_verified": true, "specializations": "Java / C++,Embedded,Automotive,FinTech,QA Automation", "criteria_quality": 4.5, "criteria_speed": 4.4, "criteria_price": 4.0, "criteria_support": 4.1, "speed_score": 8.3, "created_at": "2024-01-10T00:00:00Z", "categories": [1]}}, {"model": "agencies.agency", "pk": 11, "fields": {"name": "Банк кадров", "description": "Специализированное агентство по подбору персонала в банковской и финансовой сфере. Крупнейшая база финансовых специалистов в России.", "city": "Москва", "address": "Воронцово поле, 6с1", "phone": "+7 (495) 626-16-81", "founded_year": 2001, "website": "", "is_verified": true, "specializations": "Банковское дело,Страхование,Инвестиции,Бухгалтерия,Финансовый анализ", "criteria_quality": 4.4, "criteria_speed": 4.0, "criteria_price": 4.4, "criteria_support": 4.1, "speed_score": 7.8, "created_at": "2024-01-11T00:00:00Z", "categories": [5, 4]}}, {"model": "agencies.agency", "pk": 12, "fields": {"name": "TalentTech Recruit", "description": "Технологическая рекрутинговая платформа нового поколения. Использует AI-алгоритмы для подбора и оценки кандидатов.", "city": "Москва", "address": "Красная Роза, 1", "phone": "+7 (812) 490-79-90", "founded_year": 2017, "website": "", "is_verified": true, "specializations": "IT,Digital-маркетинг,Product,Data,Стартапы", "criteria_quality": 4.3, "criteria_speed": 4.7, "criteria_price": 4.5, "criteria_support": 3.9, "speed_score": 9.0, "created_at": "2024-01-12T00:00:00Z", "categories": [1, 5]}}, {"model": "agencies.agency", "pk": 13, "fields": {"name": "Cornerstone", "description": "Российская компания в сфере Executive Search и подбора персонала среднего звена. Партнёр крупнейших международных корпораций.", "city": "Москва", "address": "Страстной б-р, 6", "phone": "+7 (495) 721-00-10", "founded_year": 1996, "website": "https://cornerstone.ru", "is_verified": true, "specializations": "Топ-менеджмент,Промышленность,Фармацевтика,FMCG,Химия", "criteria_quality": 4.6, "criteria_speed": 3.9, "criteria_price": 3.9, "criteria_support": 4.3, "speed_score": 7.2, "created_at": "2024-01-13T00:00:00Z", "categories": [2, 4]}}, {"model": "agencies.agency", "pk": 14, "fields": {"name": "Кадровый Двор", "description": "Агентство с фокусом на массовом подборе для ритейла, логистики и производства. Быстрое закрытие линейных вакансий в Москве и МО.", "city": "Москва", "address": "Ясеневая, 6", "phone": "+7 (495) 744-45-05", "founded_year": 2006, "website": "", "is_verified": true, "specializations": "Склад / логистика,Ритейл (линейный персонал),Производство,Курьерские службы", "criteria_quality": 4.1, "criteria_speed": 4.8, "criteria_price": 4.6, "criteria_support": 3.9, "speed_score": 9.1, "created_at": "2024-01-14T00:00:00Z", "categories": [3, 5]}}, {"model": "agencies.agency", "pk": 15, "fields": {"name": "Агентство Контакт", "description": "Одно из первых российских рекрутинговых агентств. Широкая экспертиза в разных индустриях, сильная аналитическая команда.", "city": "Москва", "address": "Арбат, 28", "phone": "+7 (495) 785-09-22", "founded_year": 1993, "website": "https://contact-ca.ru", "is_verified": true, "specializations": "Управление,Строительство,Недвижимость,Телеком,Media", "criteria_quality": 4.4, "criteria_speed": 4.0, "criteria_price": 4.2, "criteria_support": 3.9, "speed_score": 7.4, "created_at": "2024-01-15T00:00:00Z", "categories": [2, 5]}}, {"model": "agencies.agency", "pk": 16, "fields": {"name": "Selectum", "description": "Молодое агентство с современным подходом к рекрутингу. Специализируется на IT и digital-позициях для стартапов и tech-компаний.", "city": "Москва", "address": "Нижняя Красносельская, 35с1", "phone": "+7 (495) 128-90-45", "founded_year": 2019, "website": "", "is_verified": false, "specializations": "Разработка,Дизайн,Product,Growth Hacking,Стартапы", "criteria_quality": 4.1, "criteria_speed": 4.5, "criteria_price": 4.4, "criteria_support": 3.8, "speed_score": 8.7, "created_at": "2024-01-16T00:00:00Z", "categories": [1, 5]}}, {"model": "agencies.agency", "pk": 17, "fields": {"name": "GlobalHR Russia", "description": "Международная сеть рекрутинговых компаний. Помогает иностранным компаниям выходить на российский рынок и формировать локальные команды.", "city": "Москва", "address": "Бизнес-центр «Москва-Сити»", "phone": "+7 (495) 961-32-11", "founded_year": 2008, "website": "", "is_verified": false, "specializations": "Экспаты,Международные компании,Юридические лица,Консалтинг", "criteria_quality": 4.1, "criteria_speed": 3.8, "criteria_price": 3.7, "criteria_support": 4.2, "speed_score": 7.0, "created_at": "2024-01-17T00:00:00Z", "categories": [2, 5]}}, {"model": "agencies.agency", "pk": 18, "fields": {"name": "Формула труда", "description": "Агентство по массовому подбору рабочего и обслуживающего персонала. Специализация — горничные, официанты, повара, грузчики, кассиры.", "city": "Москва", "address": "Щербаковская, 3", "phone": "+7 (495) 540-23-60", "founded_year": 2009, "website": "", "is_verified": false, "specializations": "HoReCa,Ритейл,Уборка,Склад,Охрана", "criteria_quality": 3.7, "criteria_speed": 4.9, "criteria_price": 4.7, "criteria_support": 3.7, "speed_score": 9.3, "created_at": "2024-01-18T00:00:00Z", "categories": [3]}}, {"model": "agencies.agency", "pk": 19, "fields": {"name": "Рекрутинг Партнёр", "description": "Небольшое бутиковое агентство с персональным подходом. Работает в нише бухгалтерии, финансов и права для МСБ.", "city": "Москва", "address": "Хорошёвское ш., 16", "phone": "+7 (495) 971-30-07", "founded_year": 2011, "website": "", "is_verified": false, "specializations": "Бухгалтерия,Налогообложение,Юридические услуги,HR для МСБ", "criteria_quality": 3.9, "criteria_speed": 3.8, "criteria_price": 4.7, "criteria_support": 4.0, "speed_score": 7.1, "created_at": "2024-01-19T00:00:00Z", "categories": [5, 4]}}, {"model": "agencies.agency", "pk": 20, "fields": {"name": "Antal Talent (Санкт-Петербург)", "description": "Петербургский офис международного рекрутингового гиганта. Лидер рынка Северо-Запада в Executive Search и массовом подборе для крупных корпораций — FMCG, фарма, промышленность.", "city": "Санкт-Петербург", "address": "ул. Льва Толстого, 1-3", "phone": "+7 (812) 332-53-91", "founded_year": 2001, "website": "https://antaltalent.ru/", "is_verified": true, "specializations": "Executive Search,Массовый подбор,FMCG,Фармацевтика,Топ-менеджмент", "criteria_quality": 4.9, "criteria_speed": 4.8, "criteria_price": 4.3, "criteria_support": 4.9, "speed_score": 9.2, "created_at": "2024-02-01T00:00:00Z", "categories": [3, 2]}}, {"model": "agencies.agency", "pk": 21, "fields": {"name": "Ancor (Санкт-Петербург)", "description": "Крупнейший игрок Северо-Запада в массовом подборе и аутстаффинге. Офис в Питере закрывает сотни линейных вакансий в месяц для ритейла, логистики и производства.", "city": "Санкт-Петербург", "address": "Невский пр., 38", "phone": "+7 (812) 335-45-55", "founded_year": 2002, "website": "https://ancor.ru", "is_verified": true, "specializations": "Массовый подбор,Аутстаффинг,Ритейл,Логистика,Производство", "criteria_quality": 4.7, "criteria_speed": 4.9, "criteria_price": 4.5, "criteria_support": 4.5, "speed_score": 9.0, "created_at": "2024-02-02T00:00:00Z", "categories": [3, 5]}}, {"model": "agencies.agency", "pk": 22, "fields": {"name": "TopContact (Санкт-Петербург)", "description": "Ведущее петербургское агентство Executive Search. Специализируется на поиске директоров и C-level для промышленных, строительных и энергетических компаний СЗФО.", "city": "Санкт-Петербург", "address": "Каменноостровский пр., 9", "phone": "+7 (812) 336-86-00", "founded_year": 1998, "website": "https://topcontact.ru", "is_verified": true, "specializations": "CEO / CFO,Промышленность,Энергетика,Строительство,Board Advisory", "criteria_quality": 4.6, "criteria_speed": 4.1, "criteria_price": 4.0, "criteria_support": 4.5, "speed_score": 7.8, "created_at": "2024-02-03T00:00:00Z", "categories": [2, 4]}}, {"model": "agencies.agency", "pk": 23, "fields": {"name": "Прорыв — Персонал", "description": "Петербургский специалист по массовому подбору: рабочие и линейный персонал для заводов, складских комплексов и торговых сетей. Быстрое закрытие от 10 вакансий одновременно.", "city": "Санкт-Петербург", "address": "ул. Салова, 61", "phone": "+7 (812) 648-22-44", "founded_year": 2010, "website": "", "is_verified": true, "specializations": "Производство,Склад / логистика,Ритейл (линейный персонал),Строительство,Транспорт", "criteria_quality": 4.3, "criteria_speed": 4.9, "criteria_price": 4.7, "criteria_support": 4.0, "speed_score": 9.4, "created_at": "2024-02-04T00:00:00Z", "categories": [3]}}, {"model": "agencies.agency", "pk": 24, "fields": {"name": "Люди Дела", "description": "Бутиковое агентство Executive Search из Санкт-Петербурга. Работает с собственниками и советами директоров, закрывает позиции уровня C-suite и независимых директоров.", "city": "Санкт-Петербург", "address": "Большая Морская ул., 18", "phone": "+7 (812) 718-40-20", "founded_year": 2007, "website": "", "is_verified": true, "specializations": "CEO / COO,Совет директоров,Независимые директора,Private Equity,GR", "criteria_quality": 4.6, "criteria_speed": 3.8, "criteria_price": 3.9, "criteria_support": 4.5, "speed_score": 6.8, "created_at": "2024-02-05T00:00:00Z", "categories": [2]}}, {"model": "agencies.agency", "pk": 25, "fields": {"name": "Персонал Партнер СПб", "description": "Универсальное петербургское агентство: массовый подбор, офисный персонал и менеджеры среднего звена. Гибкие тарифы и быстрая обратная связь.", "city": "Санкт-Петербург", "address": "Загородный пр., 11", "phone": "+7 (812) 244-31-80", "founded_year": 2013, "website": "", "is_verified": false, "specializations": "Офисный персонал,Массовый подбор,Ритейл,Банки,Страхование", "criteria_quality": 4.1, "criteria_speed": 4.4, "criteria_price": 4.6, "criteria_support": 3.9, "speed_score": 8.2, "created_at": "2024-02-06T00:00:00Z", "categories": [3, 5]}}, {"model": "agencies.agency", "pk": 26, "fields": {"name": "Апрайт (Санкт-Петербург)", "description": "Петербургская компания с фокусом на Executive Search в промышленности и машиностроении. Закрывает позиции технических директоров, главных инженеров и руководителей производств СЗФО.", "city": "Санкт-Петербург", "address": "Петроградская наб., 34", "phone": "+7 (812) 325-18-18", "founded_year": 2004, "website": "", "is_verified": true, "specializations": "Машиностроение,Главный инженер,Технический директор,Судостроение,ОПК", "criteria_quality": 4.5, "criteria_speed": 4.0, "criteria_price": 4.2, "criteria_support": 4.4, "speed_score": 7.5, "created_at": "2024-02-07T00:00:00Z", "categories": [2, 5]}}, {"model": "agencies.agency", "pk": 27, "fields": {"name": "СтаффПро СПб", "description": "Специализированное агентство массового подбора для логистических операторов и e-commerce. Закрывает вакансии курьеров, комплектовщиков и водителей-экспедиторов в Петербурге и Ленинградской области.", "city": "Санкт-Петербург", "address": "ул. Софийская, 14", "phone": "+7 (812) 702-55-90", "founded_year": 2016, "website": "", "is_verified": true, "specializations": "Курьерские службы,Склад / логистика,E-commerce,Водители,Комплектовщики", "criteria_quality": 4.2, "criteria_speed": 4.9, "criteria_price": 4.8, "criteria_support": 3.9, "speed_score": 9.5, "created_at": "2024-02-08T00:00:00Z", "categories": [3]}}, {"model": "agencies.agency", "pk": 28, "fields": {"name": "Imployer Северо-Запад", "description": "HR-партнёр для розничных сетей и FMCG-дистрибьюторов. Закрывает как массовые позиции (мерчандайзеры, торговые представители), так и управленческие роли: директора филиалов, коммерческие директора.", "city": "Санкт-Петербург", "address": "Московский пр., 73", "phone": "+7 (812) 313-70-40", "founded_year": 2011, "website": "", "is_verified": true, "specializations": "Ритейл,FMCG,Директор филиала,Коммерческий директор,Мерчандайзинг", "criteria_quality": 4.4, "criteria_speed": 4.6, "criteria_price": 4.4, "criteria_support": 4.2, "speed_score": 8.7, "created_at": "2024-02-09T00:00:00Z", "categories": [3, 2]}}, {"model": "agencies.agency", "pk": 29, "fields": {"name": "Кадровый альянс СПб", "description": "Одно из старейших петербургских рекрутинговых агентств. Широкая экспертиза в финансах, строительстве и управлении. Сильная практика подбора финансовых директоров и главных бухгалтеров.", "city": "Санкт-Петербург", "address": "Владимирский пр., 15", "phone": "+7 (812) 334-60-50", "founded_year": 1997, "website": "", "is_verified": true, "specializations": "CFO / Финансовый директор,Главный бухгалтер,Строительство,Девелопмент,Управляющий директор", "criteria_quality": 4.4, "criteria_speed": 3.9, "criteria_price": 4.3, "criteria_support": 4.3, "speed_score": 7.3, "created_at": "2024-02-10T00:00:00Z", "categories": [2, 4]}}, {"model": "agencies.agency", "pk": 30, "fields": {"name": "ТурбоПерсонал", "description": "Молодое питерское агентство нового формата: закрывает массовые вакансии для HoReCa, клининга и охраны в сжатые сроки. Работает с почасовой оплатой труда и краткосрочными договорами.", "city": "Санкт-Петербург", "address": "ул. Восстания, 2", "phone": "+7 (812) 507-77-31", "founded_year": 2020, "website": "", "is_verified": false, "specializations": "HoReCa,Клининг,Охрана,Персонал на мероприятия,Аутстаффинг", "criteria_quality": 3.9, "criteria_speed": 5.0, "criteria_price": 4.9, "criteria_support": 3.7, "speed_score": 9.6, "created_at": "2024-02-11T00:00:00Z", "categories": [3]}}, {"model": "agencies.sitesettings", "pk": 1, "fields": {"meta_title": "Рейтинг HR агентств Москвы 2026", "meta_description": "Независимый рейтинг кадровых агентств Москвы по качеству подбора и скорости закрытия вакансий.", "meta_keywords": "HR агентства Москва, кадровые агентства, рейтинг рекрутинг 2026", "h1": "Лучшие HR&#8209;агентства <em>Москвы</em>", "hero_subtitle": "Мы оцениваем кадровые агентства по качеству подбора, скорости закрытия вакансий и отзывам реальных работодателей. Без платных позиций.", "stat1_value": "20", "stat1_label": "проверенных агентств", "stat2_value": "4", "stat2_label": "критерия оценки", "stat3_value": "12", "stat3_label": "месяцев исследования", "stat4_value": "0", "stat4_label": "платных размещений", "agencies_heading": "Агентства Москвы"}}, {"model": "agencies.citylink", "pk": 2, "fields": {"name": "Санкт-Петербург", "url": "/sankt-peterburg/", "is_active": true, "sort_order": 1}}, {"model": "agencies.citylink", "pk": 3, "fields": {"name": "Челябинск", "url": "#", "is_active": true, "sort_order": 2}}, {"model": "agencies.citylink", "pk": 4, "fields": {"name": "Екатеринбург", "url": "#", "is_active": true, "sort_order": 3}}, {"model": "agencies.citylink", "pk": 5, "fields": {"name": "Уфа", "url": "#", "is_active": true, "sort_order": 4}}, {"model": "agencies.citylink", "pk": 6, "fields": {"name": "Новосибирск", "url": "#", "is_active": true, "sort_order": 5}}, {"model": "agencies.citylink", "pk": 7, "fields": {"name": "Самара", "url": "#", "is_active": true, "sort_order": 6}}, {"model": "agencies.citylink", "pk": 8, "fields": {"name": "Казань", "url": "#", "is_active": true, "sort_order": 7}}, {"model": "agencies.citylink", "pk": 9, "fields": {"name": "Ростов-на-Дону", "url": "#", "is_active": true, "sort_order": 8}}, {"model": "agencies.citylink", "pk": 10, "fields": {"name": "Краснодар", "url": "#", "is_active": true, "sort_order": 9}}, {"model": "agencies.citylink", "pk": 11, "fields": {"name": "Красноярск", "url": "#", "is_active": true, "sort_order": 10}}, {"model": "agencies.citylink", "pk": 12, "fields": {"name": "Нижний Новгород", "url": "#", "is_active": true, "sort_order": 11}}, {"model": "agencies.citylink", "pk": 13, "fields": {"name": "Воронеж", "url": "#", "is_active": true, "sort_order": 12}}, {"model": "agencies.citypage", "pk": 1, "fields": {"name": "Санкт-Петербург", "name_genitive": "Санкт-Петербурга", "city_filter": "Санкт-Петербург", "slug": "sankt-peterburg", "is_published": true, "meta_title": "Рейтинг HR агентств Санкт-Петербурга 2026", "meta_description": "", "meta_keywords": "", "h1": "Лучшие HR&#8209;агентства в <em>Санкт-Петербурге</em>", "hero_subtitle": "", "agencies_heading": "", "seo_title": "Как мы составляем независимый рейтинг", "seo_lead": "", "stat1_value": "3", "stat1_label": "проверенных агентств", "stat2_value": "4", "stat2_label": "критерия оценки", "stat3_value": "12", "stat3_label": "месяцев исследования", "stat4_value": "0", "stat4_label": "платных размещений"}}, {"model": "agencies.faqitem", "pk": 1, "fields": {"city_page": null, "question": "Как выбрать HR-агентство в Москве?", "answer": "Ориентируйтесь на специализацию агентства: IT-рекрутинг, массовый подбор, executive search и финансовый сектор — это разные компетенции. Проверьте наличие гарантийного периода и попросите кейсы по вашей отрасли.", "sort_order": 1, "is_active": true}}, {"model": "agencies.faqitem", "pk": 2, "fields": {"city_page": null, "question": "Сколько стоят услуги кадрового агентства?", "answer": "Стандартное вознаграждение — 15–25% от годового дохода закрытой позиции. Для массового подбора применяются фиксированные тарифы за кандидата.", "sort_order": 2, "is_active": true}}, {"model": "agencies.faqitem", "pk": 3, "fields": {"city_page": null, "question": "Чем агентство отличается от job-сайта?", "answer": "Job-сайт публикует объявления и даёт доступ к базе резюме. Агентство берёт на себя весь процесс: активный поиск, скрининг, интервью и представление финалистов.", "sort_order": 3, "is_active": true}}, {"model": "agencies.faqitem", "pk": 4, "fields": {"city_page": null, "question": "Как долго закрывается вакансия?", "answer": "Линейный персонал — 3–10 рабочих дней. Специалисты среднего звена — 2–4 недели. Топ-менеджмент — 1–3 месяца. Агентства из топ-5 показывают скорость выше рыночной.", "sort_order": 4, "is_active": true}}, {"model": "agencies.faqitem", "pk": 5, "fields": {"city_page": 1, "question": "Как выбрать HR-агентство в Петербурге?", "answer": "Ориентируйтесь на специализацию агентства: IT-рекрутинг, массовый подбор, executive search и финансовый сектор — это разные компетенции. Проверьте наличие гарантийного периода и попросите кейсы по вашей отрасли.", "sort_order": 1, "is_active": true}}, {"model": "agencies.faqitem", "pk": 6, "fields": {"city_page": 1, "question": "Сколько стоят услуги кадрового агентства?", "answer": "Стандартное вознаграждение — 15–25% от годового дохода закрытой позиции. Для массового подбора применяются фиксированные тарифы за кандидата.", "sort_order": 2, "is_active": true}}, {"model": "agencies.faqitem", "pk": 7, "fields": {"city_page": 1, "question": "Чем агентство отличается от job-сайта?", "answer": "Job-сайт публикует объявления и даёт доступ к базе резюме. Агентство берёт на себя весь процесс: активный поиск, скрининг, интервью и представление финалистов.", "sort_order": 3, "is_active": true}}, {"model": "agencies.faqitem", "pk": 8, "fields": {"city_page": 1, "question": "Как долго закрывается вакансия?", "answer": "Линейный персонал — 3–10 рабочих дней. Специалисты среднего звена — 2–4 недели. Топ-менеджмент — 1–3 месяца. Агентства из топ-5 показывают скорость выше рыночной.", "sort_order": 4, "is_active": true}}, {"model": "agencies.methodologyblock", "pk": 1, "fields": {"city_page": null, "icon_svg": "<svg xmlns=\"http://www.w3.org/2000/svg\" width=\"24\" height=\"24\" fill=\"none\" stroke=\"currentColor\" stroke-width=\"2.5\" viewBox=\"0 0 24 24\"><path d=\"M17 21v-2a4 4 0 0 0-4-4H5a4 4 0 0 0-4 4v2\"/><circle cx=\"9\" cy=\"7\" r=\"4\"/><path d=\"M23 21v-2a4 4 0 0 0-3-3.87\"/><path d=\"M16 3.13a4 4 0 0 1 0 7.75\"/></svg>", "title": "Опрос работодателей", "text": "Прямые интервью с HR-директорами и руководителями компаний, которые пользовались услугами агентств за последние <strong>12 месяцев</strong>.", "sort_order": 1, "is_active": true}}, {"model": "agencies.methodologyblock", "pk": 2, "fields": {"city_page": null, "icon_svg": "<svg xmlns=\"http://www.w3.org/2000/svg\" width=\"24\" height=\"24\" fill=\"none\" stroke=\"currentColor\" stroke-width=\"2.5\" viewBox=\"0 0 24 24\"><polyline points=\"22 12 18 12 15 21 9 3 6 12 2 12\"/></svg>", "title": "Четыре критерия", "text": "Качество кандидатов, <strong>скорость закрытия</strong>, ценовая политика и качество сопровождения — каждый параметр оценивается отдельно.", "sort_order": 2, "is_active": true}}, {"model": "agencies.methodologyblock", "pk": 3, "fields": {"city_page": null, "icon_svg": "<svg xmlns=\"http://www.w3.org/2000/svg\" width=\"24\" height=\"24\" fill=\"none\" stroke=\"currentColor\" stroke-width=\"2.5\" viewBox=\"0 0 24 24\"><circle cx=\"11\" cy=\"11\" r=\"8\"/><line x1=\"21\" y1=\"21\" x2=\"16.65\" y2=\"16.65\"/></svg>", "title": "Публичные источники", "text": "Мониторим упоминания агентств на профессиональных платформах, в деловых СМИ и HR-сообществах.", "sort_order": 3, "is_active": true}}, {"model": "agencies.methodologyblock", "pk": 4, "fields": {"city_page": null, "icon_svg": "<svg xmlns=\"http://www.w3.org/2000/svg\" width=\"24\" height=\"24\" fill=\"none\" stroke=\"currentColor\" stroke-width=\"2.5\" viewBox=\"0 0 24 24\"><rect x=\"3\" y=\"3\" width=\"18\" height=\"18\" rx=\"2\"/><path d=\"M3 9h18M9 21V9\"/></svg>", "title": "Взвешенная оценка", "text": "Качество подбора — <strong>35%</strong>, скорость — <strong>25%</strong>, поддержка — <strong>25%</strong>, цена — <strong>15%</strong>.", "sort_order": 4, "is_active": true}}, {"model": "agencies.methodologyblock", "pk": 5, "fields": {"city_page": null, "icon_svg": "<svg xmlns=\"http://www.w3.org/2000/svg\" width=\"24\" height=\"24\" fill=\"none\" stroke=\"currentColor\" stroke-width=\"2.5\" viewBox=\"0 0 24 24\"><path d=\"M12 22s8-4 8-10V5l-8-3-8 3v7c0 6 8 10 8 10z\"/></svg>", "title": "Прозрачность", "text": "Рейтинг финансируется за счёт рекламы на других страницах и <strong>не зависит</strong> от агентств в списке.", "sort_order": 5, "is_active": true}}, {"model": "agencies.methodologyblock", "pk": 6, "fields": {"city_page": null, "icon_svg": "<svg xmlns=\"http://www.w3.org/2000/svg\" width=\"24\" height=\"24\" fill=\"none\" stroke=\"currentColor\" stroke-width=\"2.5\" viewBox=\"0 0 24 24\"><rect x=\"3\" y=\"4\" width=\"18\" height=\"18\" rx=\"2\" ry=\"2\"/><line x1=\"16\" y1=\"2\" x2=\"16\" y2=\"6\"/><line x1=\"8\" y1=\"2\" x2=\"8\" y2=\"6\"/><line x1=\"3\" y1=\"10\" x2=\"21\" y2=\"10\"/></svg>", "title": "Актуальность", "text": "Данные собраны с <strong>января по апрель 2026</strong>. Оцениваются только агентства, активно работающие на московском рынке.", "sort_order": 6, "is_active": true}}, {"model": "agencies.methodologyblock", "pk": 7, "fields": {"city_page": 1, "icon_svg": "<svg xmlns=\"http://www.w3.org/2000/svg\" width=\"24\" height=\"24\" fill=\"none\" stroke=\"currentColor\" stroke-width=\"2.5\" viewBox=\"0 0 24 24\"><path d=\"M17 21v-2a4 4 0 0 0-4-4H5a4 4 0 0 0-4 4v2\"/><circle cx=\"9\" cy=\"7\" r=\"4\"/><path d=\"M23 21v-2a4 4 0 0 0-3-3.87\"/><path d=\"M16 3.13a4 4 0 0 1 0 7.75\"/></svg>", "title": "Опрос работодателей", "text": "Прямые интервью с HR-директорами и руководителями компаний, которые пользовались услугами агентств за последние <strong>12 месяцев</strong>.", "sort_order": 1, "is_active": true}}, {"model": "agencies.methodologyblock", "pk": 8, "fields": {"city_page": 1, "icon_svg": "<svg xmlns=\"http://www.w3.org/2000/svg\" width=\"24\" height=\"24\" fill=\"none\" stroke=\"currentColor\" stroke-width=\"2.5\" viewBox=\"0 0 24 24\"><polyline points=\"22 12 18 12 15 21 9 3 6 12 2 12\"/></svg>", "title": "Четыре критерия", "text": "Качество кандидатов, <strong>скорость закрытия</strong>, ценовая политика и качество сопровождения — каждый параметр оценивается отдельно.", "sort_order": 2, "is_active": true}}, {"model": "agencies.methodologyblock", "pk": 9, "fields": {"city_page": 1, "icon_svg": "<svg xmlns=\"http://www.w3.org/2000/svg\" width=\"24\" height=\"24\" fill=\"none\" stroke=\"currentColor\" stroke-width=\"2.5\" viewBox=\"0 0 24 24\"><circle cx=\"11\" cy=\"11\" r=\"8\"/><line x1=\"21\" y1=\"21\" x2=\"16.65\" y2=\"16.65\"/></svg>", "title": "Публичные источники", "text": "Мониторим упоминания агентств на профессиональных платформах, в деловых СМИ и HR-сообществах.", "sort_order": 3, "is_active": true}}, {"model": "agencies.methodologyblock", "pk": 10, "fields": {"city_page": 1, "icon_svg": "<svg xmlns=\"http://www.w3.org/2000/svg\" width=\"24\" height=\"24\" fill=\"none\" stroke=\"currentColor\" stroke-width=\"2.5\" viewBox=\"0 0 24 24\"><rect x=\"3\" y=\"3\" width=\"18\" height=\"18\" rx=\"2\"/><path d=\"M3 9h18M9 21V9\"/></svg>", "title": "Взвешенная оценка", "text": "Качество подбора — <strong>35%</strong>, скорость — <strong>25%</strong>, поддержка — <strong>25%</strong>, цена — <strong>15%</strong>.", "sort_order": 4, "is_active": true}}, {"model": "agencies.methodologyblock", "pk": 11, "fields": {"city_page": 1, "icon_svg": "<svg xmlns=\"http://www.w3.org/2000/svg\" width=\"24\" height=\"24\" fill=\"none\" stroke=\"currentColor\" stroke-width=\"2.5\" viewBox=\"0 0 24 24\"><path d=\"M12 22s8-4 8-10V5l-8-3-8 3v7c0 6 8 10 8 10z\"/></svg>", "title": "Прозрачность", "text": "Рейтинг финансируется за счёт рекламы на других страницах и <strong>не зависит</strong> от агентств в списке.", "sort_order": 5, "is_active": true}}, {"model": "agencies.methodologyblock", "pk": 12, "fields": {"city_page": 1, "icon_svg": "<svg xmlns=\"http://www.w3.org/2000/svg\" width=\"24\" height=\"24\" fill=\"none\" stroke=\"currentColor\" stroke-width=\"2.5\" viewBox=\"0 0 24 24\"><rect x=\"3\" y=\"4\" width=\"18\" height=\"18\" rx=\"2\" ry=\"2\"/><line x1=\"16\" y1=\"2\" x2=\"16\" y2=\"6\"/><line x1=\"8\" y1=\"2\" x2=\"8\" y2=\"6\"/><line x1=\"3\" y1=\"10\" x2=\"21\" y2=\"10\"/></svg>", "title": "Актуальность", "text": "Данные собраны с <strong>января по апрель 2026</strong>. Оцениваются только агентства, активно работающие на петербургском рынке.", "sort_order": 6, "is_active": true}}, {"model": "agencies.feedbackmessage", "pk": 1, "fields": {"name": "Artem Malysh", "email": "vivalabam944@gmail.com", "subject": "There aren't registration number in my Extract from Registry of Entrepreneurs and Non-Entrepreneuria", "message": "nnmnm", "created_at": "2026-05-15T10:49:14.611Z", "is_read": false}}, {"model": "agencies.review", "pk": 1, "fields": {"agency": 1, "rating": 5, "text": "Отличная работа, закрыли сложную позицию CFO за 3 недели.", "author": "Андрей К.", "created_at": "2025-11-01T10:00:00Z"}}, {"model": "agencies.review", "pk": 2, "fields": {"agency": 1, "rating": 5, "text": "Профессиональный подход, качественные кандидаты.", "author": "Марина С.", "created_at": "2025-10-15T10:00:00Z"}}, {"model": "agencies.review", "pk": 3, "fields": {"agency": 1, "rating": 5, "text": "Работаем с Antal уже 5 лет, всегда на высоте.", "author": "Дмитрий В.", "created_at": "2025-09-20T10:00:00Z"}}, {"model": "agencies.review", "pk": 4, "fields": {"agency": 2, "rating": 5, "text": "Самый большой охват кандидатов из всех агентств, с которыми работали.", "author": "Ольга Р.", "created_at": "2025-11-05T10:00:00Z"}}, {"model": "agencies.review", "pk": 5, "fields": {"agency": 2, "rating": 5, "text": "Закрыли 40 вакансий за 2 месяца, очень оперативно.", "author": "Сергей П.", "created_at": "2025-10-10T10:00:00Z"}}, {"model": "agencies.review", "pk": 6, "fields": {"agency": 2, "rating": 5, "text": "Отличная коммуникация и прозрачный процесс.", "author": "Наталья Б.", "created_at": "2025-09-01T10:00:00Z"}}, {"model": "agencies.review", "pk": 7, "fields": {"agency": 3, "rating": 5, "text": "Нашли отличного директора по маркетингу.", "author": "Иван Л.", "created_at": "2025-11-10T10:00:00Z"}}, {"model": "agencies.review", "pk": 8, "fields": {"agency": 3, "rating": 4, "text": "Хорошая работа, немного затянули сроки.", "author": "Татьяна М.", "created_at": "2025-10-05T10:00:00Z"}}, {"model": "agencies.review", "pk": 9, "fields": {"agency": 3, "rating": 5, "text": "Международная экспертиза на высоте.", "author": "Алексей Н.", "created_at": "2025-08-15T10:00:00Z"}}, {"model": "agencies.review", "pk": 10, "fields": {"agency": 4, "rating": 5, "text": "Лучшее IT-рекрутинговое агентство по нашему опыту.", "author": "Павел О.", "created_at": "2025-11-12T10:00:00Z"}}, {"model": "agencies.review", "pk": 11, "fields": {"agency": 4, "rating": 4, "text": "Хорошие кандидаты, ценник выше среднего.", "author": "Юлия Ф.", "created_at": "2025-10-20T10:00:00Z"}}, {"model": "agencies.review", "pk": 12, "fields": {"agency": 5, "rating": 5, "text": "Закрыли позицию Senior Backend Developer за 2 недели.", "author": "Виктор Г.", "created_at": "2025-11-08T10:00:00Z"}}, {"model": "agencies.review", "pk": 13, "fields": {"agency": 5, "rating": 4, "text": "Понимают специфику IT, кандидаты проверенные.", "author": "Ирина Ч.", "created_at": "2025-09-25T10:00:00Z"}}, {"model": "agencies.review", "pk": 14, "fields": {"agency": 6, "rating": 4, "text": "Надёжное агентство, широкий охват.", "author": "Кирилл Ш.", "created_at": "2025-11-03T10:00:00Z"}}, {"model": "agencies.review", "pk": 15, "fields": {"agency": 6, "rating": 5, "text": "Закрыли производственные вакансии оперативно.", "author": "Анна Щ.", "created_at": "2025-10-01T10:00:00Z"}}, {"model": "agencies.review", "pk": 16, "fields": {"agency": 7, "rating": 4, "text": "Хорошее агентство для аутстаффинга.", "author": "Максим Э.", "created_at": "2025-10-28T10:00:00Z"}}, {"model": "agencies.review", "pk": 17, "fields": {"agency": 7, "rating": 5, "text": "Оперативно закрыли массовые вакансии.", "author": "Светлана Ю.", "created_at": "2025-09-15T10:00:00Z"}}, {"model": "agencies.review", "pk": 18, "fields": {"agency": 8, "rating": 4, "text": "Хорошая база кандидатов в FMCG.", "author": "Роман А.", "created_at": "2025-11-01T10:00:00Z"}}, {"model": "agencies.review", "pk": 19, "fields": {"agency": 8, "rating": 5, "text": "Доступные цены при хорошем качестве.", "author": "Елена Б.", "created_at": "2025-09-10T10:00:00Z"}}, {"model": "agencies.review", "pk": 20, "fields": {"agency": 9, "rating": 4, "text": "Топовые кандидаты, процесс занял 2 месяца.", "author": "Геннадий В.", "created_at": "2025-10-15T10:00:00Z"}}, {"model": "agencies.review", "pk": 21, "fields": {"agency": 9, "rating": 5, "text": "Нашли независимого директора в совет.", "author": "Людмила Г.", "created_at": "2025-08-20T10:00:00Z"}}, {"model": "agencies.review", "pk": 22, "fields": {"agency": 10, "rating": 4, "text": "Глубокое знание Java-стека.", "author": "Денис Д.", "created_at": "2025-11-05T10:00:00Z"}}, {"model": "agencies.review", "pk": 23, "fields": {"agency": 10, "rating": 5, "text": "Закрыли 3 embedded-вакансии за месяц.", "author": "Оксана Е.", "created_at": "2025-10-10T10:00:00Z"}}, {"model": "agencies.review", "pk": 24, "fields": {"agency": 11, "rating": 4, "text": "Специализация на финансах — это их сильная сторона.", "author": "Фёдор Ж.", "created_at": "2025-10-20T10:00:00Z"}}, {"model": "agencies.review", "pk": 25, "fields": {"agency": 11, "rating": 5, "text": "Закрыли вакансию риск-менеджера за 2 недели.", "author": "Галина З.", "created_at": "2025-09-05T10:00:00Z"}}, {"model": "agencies.review", "pk": 26, "fields": {"agency": 12, "rating": 4, "text": "Технологичный подход, быстрое закрытие.", "author": "Владимир И.", "created_at": "2025-11-10T10:00:00Z"}}, {"model": "agencies.review", "pk": 27, "fields": {"agency": 12, "rating": 5, "text": "Отличный сервис для IT-стартапов.", "author": "Наталья Й.", "created_at": "2025-10-05T10:00:00Z"}}, {"model": "agencies.review", "pk": 28, "fields": {"agency": 13, "rating": 4, "text": "Хорошая экспертиза в промышленности.", "author": "Борис К.", "created_at": "2025-10-25T10:00:00Z"}}, {"model": "agencies.review", "pk": 29, "fields": {"agency": 13, "rating": 5, "text": "Закрыли позицию директора фармацевтической компании.", "author": "Валентина Л.", "created_at": "2025-09-20T10:00:00Z"}}, {"model": "agencies.review", "pk": 30, "fields": {"agency": 14, "rating": 4, "text": "Быстрый массовый подбор для склада.", "author": "Григорий М.", "created_at": "2025-11-02T10:00:00Z"}}, {"model": "agencies.review", "pk": 31, "fields": {"agency": 14, "rating": 4, "text": "Оперативно, цена адекватная.", "author": "Зинаида Н.", "created_at": "2025-10-15T10:00:00Z"}}, {"model": "agencies.review", "pk": 32, "fields": {"agency": 15, "rating": 4, "text": "Большой опыт на рынке, широкая сеть.", "author": "Кирилл О.", "created_at": "2025-10-28T10:00:00Z"}}, {"model": "agencies.review", "pk": 33, "fields": {"agency": 15, "rating": 4, "text": "Хорошо работают в недвижимости.", "author": "Лариса П.", "created_at": "2025-09-15T10:00:00Z"}}, {"model": "agencies.review", "pk": 34, "fields": {"agency": 16, "rating": 4, "text": "Молодая команда, современный подход.", "author": "Михаил Р.", "created_at": "2025-11-06T10:00:00Z"}}, {"model": "agencies.review", "pk": 35, "fields": {"agency": 16, "rating": 4, "text": "Закрыли дизайнерскую вакансию быстро.", "author": "Надежда С.", "created_at": "2025-10-01T10:00:00Z"}}, {"model": "agencies.review", "pk": 36, "fields": {"agency": 17, "rating": 4, "text": "Хорошо работают с международными компаниями.", "author": "Олег Т.", "created_at": "2025-10-20T10:00:00Z"}}, {"model": "agencies.review", "pk": 37, "fields": {"agency": 17, "rating": 4, "text": "Помогли с локализацией команды.", "author": "Полина У.", "created_at": "2025-09-10T10:00:00Z"}}, {"model": "agencies.review", "pk": 38, "fields": {"agency": 18, "rating": 4, "text": "Быстро, для HoReCa просто незаменимы.", "author": "Руслан Ф.", "created_at": "2025-11-01T10:00:00Z"}}, {"model": "agencies.review", "pk": 39, "fields": {"agency": 18, "rating": 4, "text": "Закрыли 20 вакансий кассиров за неделю.", "author": "Светлана Х.", "created_at": "2025-10-10T10:00:00Z"}}, {"model": "agencies.review", "pk": 40, "fields": {"agency": 19, "rating": 4, "text": "Отличный выбор для небольшого бизнеса.", "author": "Тимур Ц.", "created_at": "2025-10-25T10:00:00Z"}}, {"model": "agencies.review", "pk": 41, "fields": {"agency": 19, "rating": 4, "text": "Бухгалтера нашли быстро, цена приятная.", "author": "Ульяна Ш.", "created_at": "2025-09-15T10:00:00Z"}}, {"model": "agencies.review", "pk": 42, "fields": {"agency": 20, "rating": 5, "text": "Antal закрыли позицию генерального директора завода за 4 недели. Просто фантастика.", "author": "Евгений Р.", "created_at": "2025-11-15T10:00:00Z"}}, {"model": "agencies.review", "pk": 43, "fields": {"agency": 20, "rating": 5, "text": "Массовый подбор 60 операторов для нашего производства — справились без единого срыва дедлайна.", "author": "Татьяна Б.", "created_at": "2025-10-20T10:00:00Z"}}, {"model": "agencies.review", "pk": 44, "fields": {"agency": 20, "rating": 5, "text": "Лучшее агентство Петербурга по качеству кандидатов и поддержке на всех этапах.", "author": "Дмитрий К.", "created_at": "2025-09-10T10:00:00Z"}}, {"model": "agencies.review", "pk": 45, "fields": {"agency": 21, "rating": 5, "text": "Закрыли 80 вакансий складских работников за три недели. Работают чётко.", "author": "Игорь М.", "created_at": "2025-11-10T10:00:00Z"}}, {"model": "agencies.review", "pk": 46, "fields": {"agency": 21, "rating": 4, "text": "Отличный охват кандидатов, хотелось бы чуть больше фильтрации по требованиям.", "author": "Алина С.", "created_at": "2025-10-01T10:00:00Z"}}, {"model": "agencies.review", "pk": 47, "fields": {"agency": 22, "rating": 5, "text": "Нашли операционного директора для нашего завода. Кандидат превзошёл ожидания.", "author": "Николай В.", "created_at": "2025-11-05T10:00:00Z"}}, {"model": "agencies.review", "pk": 48, "fields": {"agency": 22, "rating": 4, "text": "Хорошие кандидаты на топ-позиции, сроки могут затянуться.", "author": "Марина П.", "created_at": "2025-09-25T10:00:00Z"}}, {"model": "agencies.review", "pk": 49, "fields": {"agency": 23, "rating": 4, "text": "Набрали 30 сборщиков за 10 дней. Цена ниже рынка, качество приемлемое.", "author": "Руслан Г.", "created_at": "2025-10-28T10:00:00Z"}}, {"model": "agencies.review", "pk": 50, "fields": {"agency": 23, "rating": 4, "text": "Оперативный массовый подбор для ритейла, работаем уже второй год.", "author": "Оксана Л.", "created_at": "2025-09-15T10:00:00Z"}}, {"model": "agencies.review", "pk": 51, "fields": {"agency": 24, "rating": 5, "text": "Закрыли позицию независимого директора в совет. Импрессивный список кандидатов.", "author": "Андрей Ф.", "created_at": "2025-10-20T10:00:00Z"}}, {"model": "agencies.review", "pk": 52, "fields": {"agency": 24, "rating": 4, "text": "Небольшой коллектив, но очень глубокое погружение в специфику бизнеса.", "author": "Светлана Ч.", "created_at": "2025-09-05T10:00:00Z"}}, {"model": "agencies.review", "pk": 53, "fields": {"agency": 25, "rating": 4, "text": "Нашли нескольких менеджеров по продажам. Приемлемое качество за разумные деньги.", "author": "Вячеслав Н.", "created_at": "2025-11-08T10:00:00Z"}}, {"model": "agencies.review", "pk": 54, "fields": {"agency": 25, "rating": 4, "text": "Удобное агентство для закрытия офисных вакансий в Питере.", "author": "Ирина Д.", "created_at": "2025-10-12T10:00:00Z"}}, {"model": "agencies.review", "pk": 55, "fields": {"agency": 26, "rating": 5, "text": "Нашли главного инженера судостроительного завода. Кандидат с нужным допуском — большая редкость.", "author": "Юрий А.", "created_at": "2025-11-02T10:00:00Z"}}, {"model": "agencies.review", "pk": 56, "fields": {"agency": 26, "rating": 4, "text": "Хорошее понимание специфики ОПК, сроки чуть затянули.", "author": "Владимир К.", "created_at": "2025-09-20T10:00:00Z"}}, {"model": "agencies.review", "pk": 57, "fields": {"agency": 27, "rating": 5, "text": "Закрыли 120 вакансий курьеров за 2 недели перед сезонным пиком. Спасли нас.", "author": "Антон Е.", "created_at": "2025-11-12T10:00:00Z"}}, {"model": "agencies.review", "pk": 58, "fields": {"agency": 27, "rating": 4, "text": "Быстро, но стоит проверять кандидатов — часть отсеивается на испытательном.", "author": "Катерина И.", "created_at": "2025-10-05T10:00:00Z"}}, {"model": "agencies.review", "pk": 59, "fields": {"agency": 28, "rating": 5, "text": "Закрыли директора петербургского филиала и параллельно набрали 15 мерчандайзеров. Удобно работать с одним агентством.", "author": "Елена О.", "created_at": "2025-10-25T10:00:00Z"}}, {"model": "agencies.review", "pk": 60, "fields": {"agency": 28, "rating": 4, "text": "Хорошая база по ритейлу, оперативно реагируют на запросы.", "author": "Павел Т.", "created_at": "2025-09-10T10:00:00Z"}}, {"model": "agencies.review", "pk": 61, "fields": {"agency": 29, "rating": 5, "text": "Работаем с ними 7 лет — надёжный партнёр по финансовым директорам.", "author": "Сергей Ю.", "created_at": "2025-11-07T10:00:00Z"}}, {"model": "agencies.review", "pk": 62, "fields": {"agency": 29, "rating": 4, "text": "Закрыли CFO для девелоперского проекта. Проверенные кандидаты.", "author": "Ирина В.", "created_at": "2025-10-15T10:00:00Z"}}, {"model": "agencies.review", "pk": 63, "fields": {"agency": 30, "rating": 4, "text": "Набрали персонал для нашего ресторана к открытию за 5 дней. Феноменальная скорость.", "author": "Максим Ж.", "created_at": "2025-11-10T10:00:00Z"}}, {"model": "agencies.review", "pk": 64, "fields": {"agency": 30, "rating": 4, "text": "Для краткосрочных проектов — лучший выбор в городе.", "author": "Анастасия Л.", "created_at": "2025-10-20T10:00:00Z"}}, {"model": "admin.logentry", "pk": 1, "fields": {"action_time": "2026-05-15T09:17:51.398Z", "user": ["admin"], "content_type": ["agencies", "sitesettings"], "object_id": "1", "object_repr": "Настройки сайта", "action_flag": 2, "change_message": "[{\"changed\": {\"fields\": [\"\\u0417\\u0430\\u0433\\u043e\\u043b\\u043e\\u0432\\u043e\\u043a H1\"]}}]"}}, {"model": "admin.logentry", "pk": 2, "fields": {"action_time": "2026-05-15T09:21:14.768Z", "user": ["admin"], "content_type": ["agencies", "citylink"], "object_id": "1", "object_repr": "Санкт-Петербург", "action_flag": 1, "change_message": "[{\"added\": {}}]"}}, {"model": "admin.logentry", "pk": 3, "fields": {"action_time": "2026-05-15T09:45:51.856Z", "user": ["admin"], "content_type": ["agencies", "citypage"], "object_id": "1", "object_repr": "Санкт-Петербург", "action_flag": 1, "change_message": "[{\"added\": {}}]"}}, {"model": "admin.logentry", "pk": 4, "fields": {"action_time": "2026-05-15T09:46:40.998Z", "user": ["admin"], "content_type": ["agencies", "citylink"], "object_id": "2", "object_repr": "Санкт-Петербург", "action_flag": 2, "change_message": "[]"}}, {"model": "admin.logentry", "pk": 5, "fields": {"action_time": "2026-05-15T09:56:15.251Z", "user": ["admin"], "content_type": ["agencies", "citypage"], "object_id": "1", "object_repr": "Санкт-Петербург", "action_flag": 2, "change_message": "[{\"changed\": {\"fields\": [\"\\u0417\\u0430\\u0433\\u043e\\u043b\\u043e\\u0432\\u043e\\u043a H1\"]}}]"}}, {"model": "admin.logentry", "pk": 6, "fields": {"action_time": "2026-05-15T10:00:25.987Z", "user": ["admin"], "content_type": ["agencies", "sitesettings"], "object_id": "1", "object_repr": "Настройки сайта", "action_flag": 2, "change_message": "[{\"changed\": {\"fields\": [\"\\u0421\\u0442\\u0430\\u0442 1 \\u2014 \\u0447\\u0438\\u0441\\u043b\\u043e\", \"\\u0421\\u0442\\u0430\\u0442 1 \\u2014 \\u043f\\u043e\\u0434\\u043f\\u0438\\u0441\\u044c\", \"\\u0421\\u0442\\u0430\\u0442 2 \\u2014 \\u043f\\u043e\\u0434\\u043f\\u0438\\u0441\\u044c\", \"\\u0421\\u0442\\u0430\\u0442 3 \\u2014 \\u043f\\u043e\\u0434\\u043f\\u0438\\u0441\\u044c\", \"\\u0421\\u0442\\u0430\\u0442 4 \\u2014 \\u0447\\u0438\\u0441\\u043b\\u043e\", \"\\u0421\\u0442\\u0430\\u0442 4 \\u2014 \\u043f\\u043e\\u0434\\u043f\\u0438\\u0441\\u044c\"]}}]"}}, {"model": "admin.logentry", "pk": 7, "fields": {"action_time": "2026-05-15T10:00:45.940Z", "user": ["admin"], "content_type": ["agencies", "citypage"], "object_id": "1", "object_repr": "Санкт-Петербург", "action_flag": 2, "change_message": "[{\"changed\": {\"fields\": [\"\\u0421\\u0442\\u0430\\u0442 1 \\u2014 \\u0447\\u0438\\u0441\\u043b\\u043e\", \"\\u0421\\u0442\\u0430\\u0442 1 \\u2014 \\u043f\\u043e\\u0434\\u043f\\u0438\\u0441\\u044c\", \"\\u0421\\u0442\\u0430\\u0442 2 \\u2014 \\u043f\\u043e\\u0434\\u043f\\u0438\\u0441\\u044c\", \"\\u0421\\u0442\\u0430\\u0442 3 \\u2014 \\u043f\\u043e\\u0434\\u043f\\u0438\\u0441\\u044c\", \"\\u0421\\u0442\\u0430\\u0442 4 \\u2014 \\u0447\\u0438\\u0441\\u043b\\u043e\", \"\\u0421\\u0442\\u0430\\u0442 4 \\u2014 \\u043f\\u043e\\u0434\\u043f\\u0438\\u0441\\u044c\"]}}]"}}, {"model": "admin.logentry", "pk": 8, "fields": {"action_time": "2026-05-15T10:06:19.252Z", "user": ["admin"], "content_type": ["agencies", "citypage"], "object_id": "1", "object_repr": "Санкт-Петербург", "action_flag": 2, "change_message": "[{\"changed\": {\"fields\": [\"\\u0417\\u0430\\u0433\\u043e\\u043b\\u043e\\u0432\\u043e\\u043a H1\"]}}]"}}, {"model": "admin.logentry", "pk": 9, "fields": {"action_time": "2026-05-15T15:07:05.808Z", "user": ["admin"], "content_type": ["agencies", "citypage"], "object_id": "1", "object_repr": "Санкт-Петербург", "action_flag": 2, "change_message": "[]"}}, {"model": "admin.logentry", "pk": 10, "fields": {"action_time": "2026-05-15T15:08:17.103Z", "user": ["admin"], "content_type": ["agencies", "citypage"], "object_id": "1", "object_repr": "Санкт-Петербург", "action_flag": 2, "change_message": "[{\"changed\": {\"fields\": [\"Meta Title\"]}}]"}}, {"model": "admin.logentry", "pk": 11, "fields": {"action_time": "2026-05-15T15:16:39.094Z", "user": ["admin"], "content_type": ["agencies", "citypage"], "object_id": "1", "object_repr": "Санкт-Петербург", "action_flag": 2, "change_message": "[{\"changed\": {\"name\": \"\\u0411\\u043b\\u043e\\u043a \\u043c\\u0435\\u0442\\u043e\\u0434\\u043e\\u043b\\u043e\\u0433\\u0438\\u0438\", \"object\": \"[\\u0421\\u0430\\u043d\\u043a\\u0442-\\u041f\\u0435\\u0442\\u0435\\u0440\\u0431\\u0443\\u0440\\u0433] \\u0410\\u043a\\u0442\\u0443\\u0430\\u043b\\u044c\\u043d\\u043e\\u0441\\u0442\\u044c\", \"fields\": [\"\\u0422\\u0435\\u043a\\u0441\\u0442 (\\u043f\\u043e\\u0434\\u0434\\u0435\\u0440\\u0436\\u0438\\u0432\\u0430\\u0435\\u0442 &lt;strong&gt;)\"]}}, {\"changed\": {\"name\": \"\\u0412\\u043e\\u043f\\u0440\\u043e\\u0441 FAQ\", \"object\": \"[\\u0421\\u0430\\u043d\\u043a\\u0442-\\u041f\\u0435\\u0442\\u0435\\u0440\\u0431\\u0443\\u0440\\u0433] \\u041a\\u0430\\u043a \\u0432\\u044b\\u0431\\u0440\\u0430\\u0442\\u044c HR-\\u0430\\u0433\\u0435\\u043d\\u0442\\u0441\\u0442\\u0432\\u043e \\u0432 \\u041f\\u0435\\u0442\\u0435\\u0440\\u0431\\u0443\\u0440\\u0433\\u0435?\", \"fields\": [\"\\u0412\\u043e\\u043f\\u0440\\u043e\\u0441\"]}}]"}}, {"model": "admin.logentry", "pk": 12, "fields": {"action_time": "2026-05-15T15:27:46.985Z", "user": ["admin"], "content_type": ["agencies", "agency"], "object_id": "20", "object_repr": "Antal Talent (Санкт-Петербург)", "action_flag": 2, "change_message": "[{\"changed\": {\"fields\": [\"\\u041d\\u0430\\u0437\\u0432\\u0430\\u043d\\u0438\\u0435\", \"\\u0410\\u0434\\u0440\\u0435\\u0441\", \"\\u0422\\u0435\\u043b\\u0435\\u0444\\u043e\\u043d\", \"\\u0421\\u0430\\u0439\\u0442\"]}}]"}}, {"model": "admin.logentry", "pk": 13, "fields": {"action_time": "2026-05-15T15:28:36.855Z", "user": ["admin"], "content_type": ["agencies", "agency"], "object_id": "1", "object_repr": "Antal Talent", "action_flag": 2, "change_message": "[{\"changed\": {\"fields\": [\"\\u041d\\u0430\\u0437\\u0432\\u0430\\u043d\\u0438\\u0435\", \"\\u0410\\u0434\\u0440\\u0435\\u0441\", \"\\u0422\\u0435\\u043b\\u0435\\u0444\\u043e\\u043d\", \"\\u0421\\u0430\\u0439\\u0442\"]}}]"}}]